GEOID,SUMLEV,STATE,COUNTY,CBSA,CSA,NECTA,CNECTA,NAME,pop
22001960100,140,22,1,18940,318,,,Census Tract 9601,6188
22001960200,140,22,1,18940,318,,,Census Tract 9602,5056
22001960300,140,22,1,18940,318,,,Census Tract 9603,3149
22001960400,140,22,1,18940,318,,,Census Tract 9604,5617
22001960500,140,22,1,18940,318,,,Census Tract 9605,4927
22001960600,140,22,1,18940,318,,,Census Tract 9606,5654
22001960700,140,22,1,18940,318,,,Census Tract 9607,4614
22001960800,140,22,1,18940,318,,,Census Tract 9608,5633
22001960900,140,22,1,18940,318,,,Census Tract 9609,5059
22001961000,140,22,1,18940,318,,,Census Tract 9610,5971
22001961100,140,22,1,18940,318,,,Census Tract 9611,3497
22001961200,140,22,1,18940,318,,,Census Tract 9612,3495
22003950100,140,22,3,99999,999,,,Census Tract 9501,4591
22003950200,140,22,3,99999,999,,,Census Tract 9502,5528
22003950300,140,22,3,99999,999,,,Census Tract 9503,3464
22003950400,140,22,3,99999,999,,,Census Tract 9504,4601
22003950500,140,22,3,99999,999,,,Census Tract 9505,7255
22005030101,140,22,5,12940,132,,,Census Tract 301.01,4824
22005030102,140,22,5,12940,132,,,Census Tract 301.02,4377
22005030103,140,22,5,12940,132,,,Census Tract 301.03,4813
22005030203,140,22,5,12940,132,,,Census Tract 302.03,6296
22005030204,140,22,5,12940,132,,,Census Tract 302.04,6845
22005030205,140,22,5,12940,132,,,Census Tract 302.05,5593
22005030206,140,22,5,12940,132,,,Census Tract 302.06,6592
22005030300,140,22,5,12940,132,,,Census Tract 303,5506
22005030401,140,22,5,12940,132,,,Census Tract 304.01,4369
22005030402,140,22,5,12940,132,,,Census Tract 304.02,5621
22005030500,140,22,5,12940,132,,,Census Tract 305,7008
22005030600,140,22,5,12940,132,,,Census Tract 306,3973
22005030900,140,22,5,12940,132,,,Census Tract 309,4119
22005031000,140,22,5,12940,132,,,Census Tract 310,6690
22007050100,140,22,7,38200,132,,,Census Tract 501,3794
22007050200,140,22,7,38200,132,,,Census Tract 502,5315
22007050300,140,22,7,38200,132,,,Census Tract 503,3934
22007050400,140,22,7,38200,132,,,Census Tract 504,3160
22007050500,140,22,7,38200,132,,,Census Tract 505,3339
22007050600,140,22,7,38200,132,,,Census Tract 506,3845
22009030100,140,22,9,99999,999,,,Census Tract 301,2463
22009030200,140,22,9,99999,999,,,Census Tract 302,2523
22009030300,140,22,9,99999,999,,,Census Tract 303,3321
22009030400,140,22,9,99999,999,,,Census Tract 304,7120
22009030500,140,22,9,99999,999,,,Census Tract 305,6688
22009030600,140,22,9,99999,999,,,Census Tract 306,6010
22009030700,140,22,9,99999,999,,,Census Tract 307,7568
22009030800,140,22,9,99999,999,,,Census Tract 308,2448
22009030900,140,22,9,99999,999,,,Census Tract 309,3338
22011960100,140,22,11,19760,256,,,Census Tract 9601,5852
22011960200,140,22,11,19760,256,,,Census Tract 9602,4463
22011960300,140,22,11,19760,256,,,Census Tract 9603,4269
22011960400,140,22,11,19760,256,,,Census Tract 9604,3010
22011960500,140,22,11,19760,256,,,Census Tract 9605,4602
22011960600,140,22,11,19760,256,,,Census Tract 9606,3469
22011960700,140,22,11,19760,256,,,Census Tract 9607,7321
22013970100,140,22,13,99999,999,,,Census Tract 9701,3922
22013970200,140,22,13,99999,999,,,Census Tract 9702,2240
22013970300,140,22,13,99999,999,,,Census Tract 9703,3585
22017980000,140,22,17,43340,508,,,Census Tract 9800,0
22013970400,140,22,13,99999,999,,,Census Tract 9704,2707
22013970500,140,22,13,99999,999,,,Census Tract 9705,3296
22015010400,140,22,15,43340,508,,,Census Tract 104,5315
22015010500,140,22,15,43340,508,,,Census Tract 105,4746
22015010601,140,22,15,43340,508,,,Census Tract 106.01,7173
22015010602,140,22,15,43340,508,,,Census Tract 106.02,2887
22015010701,140,22,15,43340,508,,,Census Tract 107.01,4031
22015010702,140,22,15,43340,508,,,Census Tract 107.02,3504
22015010801,140,22,15,43340,508,,,Census Tract 108.01,3159
22015010804,140,22,15,43340,508,,,Census Tract 108.04,6101
22015010805,140,22,15,43340,508,,,Census Tract 108.05,7219
22015010806,140,22,15,43340,508,,,Census Tract 108.06,3542
22015010900,140,22,15,43340,508,,,Census Tract 109,3459
22015011001,140,22,15,43340,508,,,Census Tract 110.01,6246
22015011002,140,22,15,43340,508,,,Census Tract 110.02,3677
22015011103,140,22,15,43340,508,,,Census Tract 111.03,5869
22015011105,140,22,15,43340,508,,,Census Tract 111.05,6187
22015011106,140,22,15,43340,508,,,Census Tract 111.06,7015
22015011107,140,22,15,43340,508,,,Census Tract 111.07,2150
22015011108,140,22,15,43340,508,,,Census Tract 111.08,6459
22015011109,140,22,15,43340,508,,,Census Tract 111.09,5084
22015011110,140,22,15,43340,508,,,Census Tract 111.10,5169
22015011200,140,22,15,43340,508,,,Census Tract 112,6135
22015011300,140,22,15,43340,508,,,Census Tract 113,1967
22017020500,140,22,17,43340,508,,,Census Tract 205,3387
22017020600,140,22,17,43340,508,,,Census Tract 206,1526
22017020700,140,22,17,43340,508,,,Census Tract 207,1609
22017021000,140,22,17,43340,508,,,Census Tract 210,1998
22017021100,140,22,17,43340,508,,,Census Tract 211,3163
22017021200,140,22,17,43340,508,,,Census Tract 212,4606
22017021300,140,22,17,43340,508,,,Census Tract 213,2833
22017021400,140,22,17,43340,508,,,Census Tract 214,5240
22017021500,140,22,17,43340,508,,,Census Tract 215,2452
22017021600,140,22,17,43340,508,,,Census Tract 216,3984
22017021700,140,22,17,43340,508,,,Census Tract 217,2368
22017021800,140,22,17,43340,508,,,Census Tract 218,2026
22017021900,140,22,17,43340,508,,,Census Tract 219,1851
22017022000,140,22,17,43340,508,,,Census Tract 220,2126
22017022100,140,22,17,43340,508,,,Census Tract 221,7014
22017022200,140,22,17,43340,508,,,Census Tract 222,5789
22017022300,140,22,17,43340,508,,,Census Tract 223,3666
22017022400,140,22,17,43340,508,,,Census Tract 224,4177
22017022500,140,22,17,43340,508,,,Census Tract 225,5429
22017022600,140,22,17,43340,508,,,Census Tract 226,3231
22017022700,140,22,17,43340,508,,,Census Tract 227,2485
22017022800,140,22,17,43340,508,,,Census Tract 228,4109
22017022900,140,22,17,43340,508,,,Census Tract 229,10762
22017023000,140,22,17,43340,508,,,Census Tract 230,3764
22017023100,140,22,17,43340,508,,,Census Tract 231,1663
22017023200,140,22,17,43340,508,,,Census Tract 232,1963
22017023300,140,22,17,43340,508,,,Census Tract 233,2035
22017023400,140,22,17,43340,508,,,Census Tract 234,6754
22017023500,140,22,17,43340,508,,,Census Tract 235,4702
22017023600,140,22,17,43340,508,,,Census Tract 236,3596
22017023700,140,22,17,43340,508,,,Census Tract 237,7247
22017023800,140,22,17,43340,508,,,Census Tract 238,6890
22017023901,140,22,17,43340,508,,,Census Tract 239.01,5570
22017023903,140,22,17,43340,508,,,Census Tract 239.03,3495
22017023904,140,22,17,43340,508,,,Census Tract 239.04,2582
22017023905,140,22,17,43340,508,,,Census Tract 239.05,3834
22017024000,140,22,17,43340,508,,,Census Tract 240,6802
22017024102,140,22,17,43340,508,,,Census Tract 241.02,3885
22017024104,140,22,17,43340,508,,,Census Tract 241.04,6856
22017024106,140,22,17,43340,508,,,Census Tract 241.06,6826
22017024107,140,22,17,43340,508,,,Census Tract 241.07,5077
22017024108,140,22,17,43340,508,,,Census Tract 241.08,6919
22017024109,140,22,17,43340,508,,,Census Tract 241.09,3615
22017024201,140,22,17,43340,508,,,Census Tract 242.01,2960
22017024202,140,22,17,43340,508,,,Census Tract 242.02,6842
22017024203,140,22,17,43340,508,,,Census Tract 242.03,5053
22017024301,140,22,17,43340,508,,,Census Tract 243.01,7312
22017024303,140,22,17,43340,508,,,Census Tract 243.03,5452
22017024304,140,22,17,43340,508,,,Census Tract 243.04,4295
22017024400,140,22,17,43340,508,,,Census Tract 244,4266
22017024503,140,22,17,43340,508,,,Census Tract 245.03,4931
22017024504,140,22,17,43340,508,,,Census Tract 245.04,4628
22017024601,140,22,17,43340,508,,,Census Tract 246.01,4514
22017024602,140,22,17,43340,508,,,Census Tract 246.02,5728
22017024700,140,22,17,43340,508,,,Census Tract 247,2010
22017024800,140,22,17,43340,508,,,Census Tract 248,1231
22017024900,140,22,17,43340,508,,,Census Tract 249,3533
22017025000,140,22,17,43340,508,,,Census Tract 250,4103
22017025100,140,22,17,43340,508,,,Census Tract 251,2311
22017025200,140,22,17,43340,508,,,Census Tract 252,2107
22017025300,140,22,17,43340,508,,,Census Tract 253,1833
22017025405,140,22,17,43340,508,,,Census Tract 254.05,3785
22017025406,140,22,17,43340,508,,,Census Tract 254.06,3876
22019000100,140,22,19,29340,324,,,Census Tract 1,2404
22019000200,140,22,19,29340,324,,,Census Tract 2,2128
22019000300,140,22,19,29340,324,,,Census Tract 3,2121
22019000400,140,22,19,29340,324,,,Census Tract 4,1820
22019000500,140,22,19,29340,324,,,Census Tract 5,3448
22019000600,140,22,19,29340,324,,,Census Tract 6,7121
22019000700,140,22,19,29340,324,,,Census Tract 7,4857
22019000800,140,22,19,29340,324,,,Census Tract 8,3444
22019000900,140,22,19,29340,324,,,Census Tract 9,4044
22019001000,140,22,19,29340,324,,,Census Tract 10,3837
22019001100,140,22,19,29340,324,,,Census Tract 11,4332
22019001201,140,22,19,29340,324,,,Census Tract 12.01,4392
22019001202,140,22,19,29340,324,,,Census Tract 12.02,3274
22019001300,140,22,19,29340,324,,,Census Tract 13,6286
22019001400,140,22,19,29340,324,,,Census Tract 14,5804
22019001500,140,22,19,29340,324,,,Census Tract 15,1946
22019001600,140,22,19,29340,324,,,Census Tract 16,5418
22019001700,140,22,19,29340,324,,,Census Tract 17,7896
22019001801,140,22,19,29340,324,,,Census Tract 18.01,7697
22019001901,140,22,19,29340,324,,,Census Tract 19.01,3213
22019001903,140,22,19,29340,324,,,Census Tract 19.03,4842
22019001904,140,22,19,29340,324,,,Census Tract 19.04,4210
22019002000,140,22,19,29340,324,,,Census Tract 20,7589
22019002100,140,22,19,29340,324,,,Census Tract 21,2679
22019002201,140,22,19,29340,324,,,Census Tract 22.01,6444
22019002203,140,22,19,29340,324,,,Census Tract 22.03,5810
22019002204,140,22,19,29340,324,,,Census Tract 22.04,4725
22019002300,140,22,19,29340,324,,,Census Tract 23,2542
22019002400,140,22,19,29340,324,,,Census Tract 24,5982
22019002500,140,22,19,29340,324,,,Census Tract 25,3178
22019002600,140,22,19,29340,324,,,Census Tract 26,5005
22019002700,140,22,19,29340,324,,,Census Tract 27,7455
22019002800,140,22,19,29340,324,,,Census Tract 28,4921
22019002900,140,22,19,29340,324,,,Census Tract 29,2345
22019003000,140,22,19,29340,324,,,Census Tract 30,4876
22019003101,140,22,19,29340,324,,,Census Tract 31.01,5301
22019003102,140,22,19,29340,324,,,Census Tract 31.02,2304
22019003200,140,22,19,29340,324,,,Census Tract 32,2293
22019003300,140,22,19,29340,324,,,Census Tract 33,4178
22019003400,140,22,19,29340,324,,,Census Tract 34,3460
22019003500,140,22,19,29340,324,,,Census Tract 35,3470
22019003600,140,22,19,29340,324,,,Census Tract 36,4481
22019980000,140,22,19,29340,324,,,Census Tract 9800,0
22019980100,140,22,19,29340,324,,,Census Tract 9801,0
22021000100,140,22,21,99999,999,,,Census Tract 1,2605
22021000200,140,22,21,99999,999,,,Census Tract 2,3369
22021000300,140,22,21,99999,999,,,Census Tract 3,4586
22023970100,140,22,23,29340,324,,,Census Tract 9701,5440
22023970201,140,22,23,29340,324,,,Census Tract 9702.01,4550
22023990000,140,22,23,29340,324,,,Census Tract 9900,0
22025000100,140,22,25,99999,999,,,Census Tract 1,4496
22025000200,140,22,25,99999,999,,,Census Tract 2,2899
22025000300,140,22,25,99999,999,,,Census Tract 3,3525
22027950100,140,22,27,99999,999,,,Census Tract 9501,3693
22027950200,140,22,27,99999,999,,,Census Tract 9502,3297
22027950300,140,22,27,99999,999,,,Census Tract 9503,2933
22027950400,140,22,27,99999,999,,,Census Tract 9504,4193
22027950500,140,22,27,99999,999,,,Census Tract 9505,2735
22029000100,140,22,29,35020,999,,,Census Tract 1,3003
22029000200,140,22,29,35020,999,,,Census Tract 2,5472
22029000300,140,22,29,35020,999,,,Census Tract 3,3795
22029000400,140,22,29,35020,999,,,Census Tract 4,4799
22029000500,140,22,29,35020,999,,,Census Tract 5,3178
22031950100,140,22,31,43340,508,,,Census Tract 9501,6944
22031950200,140,22,31,43340,508,,,Census Tract 9502,4321
22031950300,140,22,31,43340,508,,,Census Tract 9503,2377
22031950400,140,22,31,43340,508,,,Census Tract 9504,3203
22031950500,140,22,31,43340,508,,,Census Tract 9505,2390
22031950600,140,22,31,43340,508,,,Census Tract 9506,3474
22031950700,140,22,31,43340,508,,,Census Tract 9507,2783
22033000100,140,22,33,12940,132,,,Census Tract 1,1675
22033000200,140,22,33,12940,132,,,Census Tract 2,6480
22033000300,140,22,33,12940,132,,,Census Tract 3,1989
22033000400,140,22,33,12940,132,,,Census Tract 4,3321
22033000500,140,22,33,12940,132,,,Census Tract 5,4760
22033000601,140,22,33,12940,132,,,Census Tract 6.01,3565
22033000602,140,22,33,12940,132,,,Census Tract 6.02,4656
22033000701,140,22,33,12940,132,,,Census Tract 7.01,2349
22033000702,140,22,33,12940,132,,,Census Tract 7.02,3673
22033000900,140,22,33,12940,132,,,Census Tract 9,4640
22033001000,140,22,33,12940,132,,,Census Tract 10,4210
22033001102,140,22,33,12940,132,,,Census Tract 11.02,3130
22033001103,140,22,33,12940,132,,,Census Tract 11.03,3212
22033001104,140,22,33,12940,132,,,Census Tract 11.04,3815
22033001600,140,22,33,12940,132,,,Census Tract 16,3735
22033001700,140,22,33,12940,132,,,Census Tract 17,5146
22033001800,140,22,33,12940,132,,,Census Tract 18,2607
22033001900,140,22,33,12940,132,,,Census Tract 19,2608
22033002000,140,22,33,12940,132,,,Census Tract 20,3240
22033002200,140,22,33,12940,132,,,Census Tract 22,1745
22033002300,140,22,33,12940,132,,,Census Tract 23,2756
22033002400,140,22,33,12940,132,,,Census Tract 24,3069
22033002500,140,22,33,12940,132,,,Census Tract 25,3689
22033002601,140,22,33,12940,132,,,Census Tract 26.01,3600
22033002602,140,22,33,12940,132,,,Census Tract 26.02,3784
22033002700,140,22,33,12940,132,,,Census Tract 27,1953
22033002801,140,22,33,12940,132,,,Census Tract 28.01,3759
22033002802,140,22,33,12940,132,,,Census Tract 28.02,4453
22033003000,140,22,33,12940,132,,,Census Tract 30,6035
22033003101,140,22,33,12940,132,,,Census Tract 31.01,4453
22033003103,140,22,33,12940,132,,,Census Tract 31.03,2853
22033003201,140,22,33,12940,132,,,Census Tract 32.01,3628
22033003202,140,22,33,12940,132,,,Census Tract 32.02,3772
22033003300,140,22,33,12940,132,,,Census Tract 33,4527
22033003400,140,22,33,12940,132,,,Census Tract 34,7075
22033003501,140,22,33,12940,132,,,Census Tract 35.01,3212
22033003504,140,22,33,12940,132,,,Census Tract 35.04,6627
22033003505,140,22,33,12940,132,,,Census Tract 35.05,4533
22033003506,140,22,33,12940,132,,,Census Tract 35.06,6856
22033003507,140,22,33,12940,132,,,Census Tract 35.07,4763
22033003601,140,22,33,12940,132,,,Census Tract 36.01,3307
22033003603,140,22,33,12940,132,,,Census Tract 36.03,2864
22033003604,140,22,33,12940,132,,,Census Tract 36.04,6315
22033003701,140,22,33,12940,132,,,Census Tract 37.01,5832
22033003702,140,22,33,12940,132,,,Census Tract 37.02,3456
22033003703,140,22,33,12940,132,,,Census Tract 37.03,5818
22033003801,140,22,33,12940,132,,,Census Tract 38.01,6104
22033003802,140,22,33,12940,132,,,Census Tract 38.02,5344
22033003804,140,22,33,12940,132,,,Census Tract 38.04,4594
22033003805,140,22,33,12940,132,,,Census Tract 38.05,5538
22033003904,140,22,33,12940,132,,,Census Tract 39.04,5743
22033003906,140,22,33,12940,132,,,Census Tract 39.06,7832
22033003907,140,22,33,12940,132,,,Census Tract 39.07,5729
22033003908,140,22,33,12940,132,,,Census Tract 39.08,2837
22033003909,140,22,33,12940,132,,,Census Tract 39.09,3911
22033003910,140,22,33,12940,132,,,Census Tract 39.10,2665
22033004005,140,22,33,12940,132,,,Census Tract 40.05,5436
22033004006,140,22,33,12940,132,,,Census Tract 40.06,7996
22033004009,140,22,33,12940,132,,,Census Tract 40.09,4774
22033004010,140,22,33,12940,132,,,Census Tract 40.10,4812
22033004011,140,22,33,12940,132,,,Census Tract 40.11,5118
22033004013,140,22,33,12940,132,,,Census Tract 40.13,2861
22033004014,140,22,33,12940,132,,,Census Tract 40.14,8090
22033004015,140,22,33,12940,132,,,Census Tract 40.15,4800
22033004016,140,22,33,12940,132,,,Census Tract 40.16,3838
22033004201,140,22,33,12940,132,,,Census Tract 42.01,6185
22033004203,140,22,33,12940,132,,,Census Tract 42.03,4090
22033004204,140,22,33,12940,132,,,Census Tract 42.04,4115
22033004205,140,22,33,12940,132,,,Census Tract 42.05,5557
22033004301,140,22,33,12940,132,,,Census Tract 43.01,6361
22033004302,140,22,33,12940,132,,,Census Tract 43.02,5617
22033004401,140,22,33,12940,132,,,Census Tract 44.01,4871
22033004402,140,22,33,12940,132,,,Census Tract 44.02,5419
22033004403,140,22,33,12940,132,,,Census Tract 44.03,5412
22033004503,140,22,33,12940,132,,,Census Tract 45.03,5928
22033004504,140,22,33,12940,132,,,Census Tract 45.04,5571
22033004505,140,22,33,12940,132,,,Census Tract 45.05,5521
22033004507,140,22,33,12940,132,,,Census Tract 45.07,4223
22033004508,140,22,33,12940,132,,,Census Tract 45.08,7899
22033004509,140,22,33,12940,132,,,Census Tract 45.09,5781
22033004510,140,22,33,12940,132,,,Census Tract 45.10,5766
22033004602,140,22,33,12940,132,,,Census Tract 46.02,5333
22033004603,140,22,33,12940,132,,,Census Tract 46.03,3667
22033004604,140,22,33,12940,132,,,Census Tract 46.04,7389
22033004700,140,22,33,12940,132,,,Census Tract 47,5250
22033004800,140,22,33,12940,132,,,Census Tract 48,3327
22033004900,140,22,33,12940,132,,,Census Tract 49,5085
22033005000,140,22,33,12940,132,,,Census Tract 50,3351
22033005100,140,22,33,12940,132,,,Census Tract 51,3359
22033005200,140,22,33,12940,132,,,Census Tract 52,2572
22033005300,140,22,33,12940,132,,,Census Tract 53,3631
22033980000,140,22,33,12940,132,,,Census Tract 9800,0
22035000100,140,22,35,99999,999,,,Census Tract 1,3784
22035000200,140,22,35,99999,999,,,Census Tract 2,2517
22035000300,140,22,35,99999,999,,,Census Tract 3,3120
22037951300,140,22,37,12940,132,,,Census Tract 9513,3656
22037951400,140,22,37,12940,132,,,Census Tract 9514,4375
22037951501,140,22,37,12940,132,,,Census Tract 9515.01,1325
22037951502,140,22,37,12940,132,,,Census Tract 9515.02,6778
22037951600,140,22,37,12940,132,,,Census Tract 9516,5225
22045990000,140,22,45,35340,318,,,Census Tract 9900,0
22039950100,140,22,39,99999,999,,,Census Tract 9501,5940
22039950200,140,22,39,99999,999,,,Census Tract 9502,1916
22039950300,140,22,39,99999,999,,,Census Tract 9503,5348
22039950400,140,22,39,99999,999,,,Census Tract 9504,6435
22039950500,140,22,39,99999,999,,,Census Tract 9505,4133
22039950600,140,22,39,99999,999,,,Census Tract 9506,3886
22039950700,140,22,39,99999,999,,,Census Tract 9507,3577
22039950800,140,22,39,99999,999,,,Census Tract 9508,4199
22041950100,140,22,41,99999,999,,,Census Tract 9501,3815
22041950200,140,22,41,99999,999,,,Census Tract 9502,4152
22041950300,140,22,41,99999,999,,,Census Tract 9503,5749
22041950400,140,22,41,99999,999,,,Census Tract 9504,3131
22041950500,140,22,41,99999,999,,,Census Tract 9505,1776
22041950600,140,22,41,99999,999,,,Census Tract 9506,2639
22043020100,140,22,43,10780,999,,,Census Tract 201,2388
22043020200,140,22,43,10780,999,,,Census Tract 202,3225
22043020300,140,22,43,10780,999,,,Census Tract 203,2914
22043020401,140,22,43,10780,999,,,Census Tract 204.01,5728
22043020402,140,22,43,10780,999,,,Census Tract 204.02,4443
22045030100,140,22,45,35340,318,,,Census Tract 301,7626
22045030200,140,22,45,35340,318,,,Census Tract 302,6063
22045030301,140,22,45,35340,318,,,Census Tract 303.01,3476
22045030302,140,22,45,35340,318,,,Census Tract 303.02,5656
22045030400,140,22,45,35340,318,,,Census Tract 304,7807
22045030500,140,22,45,35340,318,,,Census Tract 305,4485
22045030600,140,22,45,35340,318,,,Census Tract 306,5129
22045030700,140,22,45,35340,318,,,Census Tract 307,3936
22045030800,140,22,45,35340,318,,,Census Tract 308,3417
22045030900,140,22,45,35340,318,,,Census Tract 309,3971
22045031000,140,22,45,35340,318,,,Census Tract 310,3514
22045031100,140,22,45,35340,318,,,Census Tract 311,5445
22045031200,140,22,45,35340,318,,,Census Tract 312,3869
22045031300,140,22,45,35340,318,,,Census Tract 313,5514
22045031600,140,22,45,35340,318,,,Census Tract 316,3356
22047952600,140,22,47,12940,132,,,Census Tract 9526,3213
22047952700,140,22,47,12940,132,,,Census Tract 9527,5728
22047952900,140,22,47,12940,132,,,Census Tract 9529,6064
22047953000,140,22,47,12940,132,,,Census Tract 9530,2443
22047953101,140,22,47,12940,132,,,Census Tract 9531.01,6355
22047953102,140,22,47,12940,132,,,Census Tract 9531.02,2790
22047953200,140,22,47,12940,132,,,Census Tract 9532,6726
22049970100,140,22,49,40820,999,,,Census Tract 9701,2845
22049970200,140,22,49,40820,999,,,Census Tract 9702,3713
22049970300,140,22,49,40820,999,,,Census Tract 9703,3543
22049970400,140,22,49,40820,999,,,Census Tract 9704,3505
22049970500,140,22,49,40820,999,,,Census Tract 9705,1790
22051020101,140,22,51,35380,406,,,Census Tract 201.01,2799
22051020102,140,22,51,35380,406,,,Census Tract 201.02,3365
22051020201,140,22,51,35380,406,,,Census Tract 202.01,2049
22051020202,140,22,51,35380,406,,,Census Tract 202.02,3405
22051020203,140,22,51,35380,406,,,Census Tract 202.03,7245
22051020301,140,22,51,35380,406,,,Census Tract 203.01,3316
22051020302,140,22,51,35380,406,,,Census Tract 203.02,5341
22051020303,140,22,51,35380,406,,,Census Tract 203.03,3773
22051020400,140,22,51,35380,406,,,Census Tract 204,3450
22051020502,140,22,51,35380,406,,,Census Tract 205.02,6289
22051020505,140,22,51,35380,406,,,Census Tract 205.05,2166
22051020506,140,22,51,35380,406,,,Census Tract 205.06,5522
22051020507,140,22,51,35380,406,,,Census Tract 205.07,4300
22051020508,140,22,51,35380,406,,,Census Tract 205.08,7003
22051020511,140,22,51,35380,406,,,Census Tract 205.11,4216
22051020512,140,22,51,35380,406,,,Census Tract 205.12,2990
22051020513,140,22,51,35380,406,,,Census Tract 205.13,4578
22051020514,140,22,51,35380,406,,,Census Tract 205.14,4191
22051020515,140,22,51,35380,406,,,Census Tract 205.15,3192
22051020516,140,22,51,35380,406,,,Census Tract 205.16,4857
22051020517,140,22,51,35380,406,,,Census Tract 205.17,4414
22051020600,140,22,51,35380,406,,,Census Tract 206,5513
22051020700,140,22,51,35380,406,,,Census Tract 207,1512
22051021000,140,22,51,35380,406,,,Census Tract 210,2575
22051021100,140,22,51,35380,406,,,Census Tract 211,2363
22051021200,140,22,51,35380,406,,,Census Tract 212,2474
22051021300,140,22,51,35380,406,,,Census Tract 213,3071
22051021400,140,22,51,35380,406,,,Census Tract 214,2140
22051021500,140,22,51,35380,406,,,Census Tract 215,2976
22051021600,140,22,51,35380,406,,,Census Tract 216,6423
22051021700,140,22,51,35380,406,,,Census Tract 217,5414
22051021801,140,22,51,35380,406,,,Census Tract 218.01,3247
22051021803,140,22,51,35380,406,,,Census Tract 218.03,4689
22051021804,140,22,51,35380,406,,,Census Tract 218.04,2069
22051021900,140,22,51,35380,406,,,Census Tract 219,1947
22051022001,140,22,51,35380,406,,,Census Tract 220.01,4684
22051022002,140,22,51,35380,406,,,Census Tract 220.02,2709
22051022101,140,22,51,35380,406,,,Census Tract 221.01,1381
22051022102,140,22,51,35380,406,,,Census Tract 221.02,2518
22051022200,140,22,51,35380,406,,,Census Tract 222,2495
22051022301,140,22,51,35380,406,,,Census Tract 223.01,2868
22051022302,140,22,51,35380,406,,,Census Tract 223.02,1840
22051022303,140,22,51,35380,406,,,Census Tract 223.03,2852
22051022400,140,22,51,35380,406,,,Census Tract 224,3410
22051022500,140,22,51,35380,406,,,Census Tract 225,2963
22051022600,140,22,51,35380,406,,,Census Tract 226,3144
22051022700,140,22,51,35380,406,,,Census Tract 227,2826
22051022800,140,22,51,35380,406,,,Census Tract 228,3182
22051022900,140,22,51,35380,406,,,Census Tract 229,2992
22051023001,140,22,51,35380,406,,,Census Tract 230.01,1990
22051023002,140,22,51,35380,406,,,Census Tract 230.02,4814
22051023003,140,22,51,35380,406,,,Census Tract 230.03,2941
22051023100,140,22,51,35380,406,,,Census Tract 231,2519
22051023200,140,22,51,35380,406,,,Census Tract 232,3558
22051023300,140,22,51,35380,406,,,Census Tract 233,1888
22051023400,140,22,51,35380,406,,,Census Tract 234,3371
22051023500,140,22,51,35380,406,,,Census Tract 235,4834
22051023600,140,22,51,35380,406,,,Census Tract 236,5522
22051023700,140,22,51,35380,406,,,Census Tract 237,2683
22051023800,140,22,51,35380,406,,,Census Tract 238,4336
22051023901,140,22,51,35380,406,,,Census Tract 239.01,2539
22051023902,140,22,51,35380,406,,,Census Tract 239.02,2413
22051023903,140,22,51,35380,406,,,Census Tract 239.03,2458
22051023904,140,22,51,35380,406,,,Census Tract 239.04,2818
22051024001,140,22,51,35380,406,,,Census Tract 240.01,3078
22051024002,140,22,51,35380,406,,,Census Tract 240.02,3192
22051024100,140,22,51,35380,406,,,Census Tract 241,3637
22051024201,140,22,51,35380,406,,,Census Tract 242.01,1962
22051024202,140,22,51,35380,406,,,Census Tract 242.02,2975
22051024300,140,22,51,35380,406,,,Census Tract 243,2995
22051024400,140,22,51,35380,406,,,Census Tract 244,3039
22051024500,140,22,51,35380,406,,,Census Tract 245,1636
22051024600,140,22,51,35380,406,,,Census Tract 246,1753
22051024700,140,22,51,35380,406,,,Census Tract 247,1742
22051024800,140,22,51,35380,406,,,Census Tract 248,3722
22051024900,140,22,51,35380,406,,,Census Tract 249,1978
22051025001,140,22,51,35380,406,,,Census Tract 250.01,7998
22051025002,140,22,51,35380,406,,,Census Tract 250.02,3468
22051025003,140,22,51,35380,406,,,Census Tract 250.03,4031
22051025102,140,22,51,35380,406,,,Census Tract 251.02,4100
22051025103,140,22,51,35380,406,,,Census Tract 251.03,3924
22051025104,140,22,51,35380,406,,,Census Tract 251.04,3537
22051025201,140,22,51,35380,406,,,Census Tract 252.01,3148
22051025202,140,22,51,35380,406,,,Census Tract 252.02,6629
22051025300,140,22,51,35380,406,,,Census Tract 253,2285
22051025400,140,22,51,35380,406,,,Census Tract 254,4866
22051025500,140,22,51,35380,406,,,Census Tract 255,2937
22051025600,140,22,51,35380,406,,,Census Tract 256,1557
22051025700,140,22,51,35380,406,,,Census Tract 257,1634
22051025800,140,22,51,35380,406,,,Census Tract 258,1951
22051025900,140,22,51,35380,406,,,Census Tract 259,3313
22051026000,140,22,51,35380,406,,,Census Tract 260,2168
22051026100,140,22,51,35380,406,,,Census Tract 261,5569
22051026200,140,22,51,35380,406,,,Census Tract 262,1750
22051026300,140,22,51,35380,406,,,Census Tract 263,2559
22051026400,140,22,51,35380,406,,,Census Tract 264,1859
22051026500,140,22,51,35380,406,,,Census Tract 265,2378
22051026600,140,22,51,35380,406,,,Census Tract 266,1952
22051026700,140,22,51,35380,406,,,Census Tract 267,2003
22051026800,140,22,51,35380,406,,,Census Tract 268,3160
22051026900,140,22,51,35380,406,,,Census Tract 269,4192
22051027000,140,22,51,35380,406,,,Census Tract 270,5684
22051027100,140,22,51,35380,406,,,Census Tract 271,4228
22051027200,140,22,51,35380,406,,,Census Tract 272,5874
22051027501,140,22,51,35380,406,,,Census Tract 275.01,5483
22051027502,140,22,51,35380,406,,,Census Tract 275.02,4081
22051027601,140,22,51,35380,406,,,Census Tract 276.01,5464
22051027602,140,22,51,35380,406,,,Census Tract 276.02,4057
22051027701,140,22,51,35380,406,,,Census Tract 277.01,6543
22051027703,140,22,51,35380,406,,,Census Tract 277.03,4606
22051027803,140,22,51,35380,406,,,Census Tract 278.03,4114
22051027804,140,22,51,35380,406,,,Census Tract 278.04,6785
22051027805,140,22,51,35380,406,,,Census Tract 278.05,7750
22051027806,140,22,51,35380,406,,,Census Tract 278.06,7388
22051027807,140,22,51,35380,406,,,Census Tract 278.07,7560
22051027809,140,22,51,35380,406,,,Census Tract 278.09,6852
22051027810,140,22,51,35380,406,,,Census Tract 278.10,4746
22051027811,140,22,51,35380,406,,,Census Tract 278.11,3895
22051027812,140,22,51,35380,406,,,Census Tract 278.12,4358
22051027901,140,22,51,35380,406,,,Census Tract 279.01,3481
22051027902,140,22,51,35380,406,,,Census Tract 279.02,3105
22051028000,140,22,51,35380,406,,,Census Tract 280,3975
22051028100,140,22,51,35380,406,,,Census Tract 281,2359
22051028200,140,22,51,35380,406,,,Census Tract 282,4962
22051980000,140,22,51,35380,406,,,Census Tract 9800,0
22051990000,140,22,51,35380,406,,,Census Tract 9900,0
22051990100,140,22,51,35380,406,,,Census Tract 9901,0
22053000100,140,22,53,27660,324,,,Census Tract 1,5054
22053000200,140,22,53,27660,324,,,Census Tract 2,4047
22053000300,140,22,53,27660,324,,,Census Tract 3,5011
22053000400,140,22,53,27660,324,,,Census Tract 4,6546
22053000500,140,22,53,27660,324,,,Census Tract 5,4406
22053000600,140,22,53,27660,324,,,Census Tract 6,3903
22053000700,140,22,53,27660,324,,,Census Tract 7,2468
22055000100,140,22,55,29180,318,,,Census Tract 1,3338
22055000200,140,22,55,29180,318,,,Census Tract 2,2523
22055000500,140,22,55,29180,318,,,Census Tract 5,2563
22055000602,140,22,55,29180,318,,,Census Tract 6.02,3842
22055000603,140,22,55,29180,318,,,Census Tract 6.03,2252
22055000604,140,22,55,29180,318,,,Census Tract 6.04,6329
22055000700,140,22,55,29180,318,,,Census Tract 7,3021
22055000800,140,22,55,29180,318,,,Census Tract 8,3401
22055000900,140,22,55,29180,318,,,Census Tract 9,1950
22055001001,140,22,55,29180,318,,,Census Tract 10.01,4706
22055001002,140,22,55,29180,318,,,Census Tract 10.02,3865
22055001003,140,22,55,29180,318,,,Census Tract 10.03,4322
22055001100,140,22,55,29180,318,,,Census Tract 11,5987
22055001200,140,22,55,29180,318,,,Census Tract 12,7063
22055001300,140,22,55,29180,318,,,Census Tract 13,5240
22055001401,140,22,55,29180,318,,,Census Tract 14.01,7116
22055001402,140,22,55,29180,318,,,Census Tract 14.02,5141
22055001403,140,22,55,29180,318,,,Census Tract 14.03,3810
22055001404,140,22,55,29180,318,,,Census Tract 14.04,5284
22055001405,140,22,55,29180,318,,,Census Tract 14.05,7114
22055001406,140,22,55,29180,318,,,Census Tract 14.06,3879
22055001407,140,22,55,29180,318,,,Census Tract 14.07,3799
22055001409,140,22,55,29180,318,,,Census Tract 14.09,7719
22055001410,140,22,55,29180,318,,,Census Tract 14.10,7353
22055001411,140,22,55,29180,318,,,Census Tract 14.11,2149
22055001500,140,22,55,29180,318,,,Census Tract 15,5182
22055001600,140,22,55,29180,318,,,Census Tract 16,3109
22055001700,140,22,55,29180,318,,,Census Tract 17,6747
22055001801,140,22,55,29180,318,,,Census Tract 18.01,3045
22055001802,140,22,55,29180,318,,,Census Tract 18.02,3692
22055001901,140,22,55,29180,318,,,Census Tract 19.01,4317
22055001902,140,22,55,29180,318,,,Census Tract 19.02,6009
22055001903,140,22,55,29180,318,,,Census Tract 19.03,4432
22055001904,140,22,55,29180,318,,,Census Tract 19.04,4257
22055001905,140,22,55,29180,318,,,Census Tract 19.05,4347
22055002001,140,22,55,29180,318,,,Census Tract 20.01,4646
22055002002,140,22,55,29180,318,,,Census Tract 20.02,4888
22055002101,140,22,55,29180,318,,,Census Tract 21.01,3918
22055002102,140,22,55,29180,318,,,Census Tract 21.02,3968
22055002103,140,22,55,29180,318,,,Census Tract 21.03,3388
22055002104,140,22,55,29180,318,,,Census Tract 21.04,5297
22055002200,140,22,55,29180,318,,,Census Tract 22,5492
22055980000,140,22,55,29180,318,,,Census Tract 9800,0
22057020100,140,22,57,26380,999,,,Census Tract 201,3195
22057020202,140,22,57,26380,999,,,Census Tract 202.02,3057
22057020400,140,22,57,26380,999,,,Census Tract 204,2493
22057020500,140,22,57,26380,999,,,Census Tract 205,5582
22057020600,140,22,57,26380,999,,,Census Tract 206,2399
22057020702,140,22,57,26380,999,,,Census Tract 207.02,2679
22057020703,140,22,57,26380,999,,,Census Tract 207.03,4258
22057020704,140,22,57,26380,999,,,Census Tract 207.04,4346
22057020800,140,22,57,26380,999,,,Census Tract 208,3852
22057020900,140,22,57,26380,999,,,Census Tract 209,2206
22057021000,140,22,57,26380,999,,,Census Tract 210,2903
22057021100,140,22,57,26380,999,,,Census Tract 211,7322
22057021200,140,22,57,26380,999,,,Census Tract 212,4511
22057021300,140,22,57,26380,999,,,Census Tract 213,2737
22057021400,140,22,57,26380,999,,,Census Tract 214,3952
22057021500,140,22,57,26380,999,,,Census Tract 215,5337
22057021601,140,22,57,26380,999,,,Census Tract 216.01,6446
22057021602,140,22,57,26380,999,,,Census Tract 216.02,3503
22057021700,140,22,57,26380,999,,,Census Tract 217,3812
22057021800,140,22,57,26380,999,,,Census Tract 218,5158
22057021901,140,22,57,26380,999,,,Census Tract 219.01,4901
22057021902,140,22,57,26380,999,,,Census Tract 219.02,3101
22057022000,140,22,57,26380,999,,,Census Tract 220,2221
22057990000,140,22,57,26380,999,,,Census Tract 9900,0
22059970100,140,22,59,99999,999,,,Census Tract 9701,4619
22059970200,140,22,59,99999,999,,,Census Tract 9702,5586
22059970300,140,22,59,99999,999,,,Census Tract 9703,4077
22061960100,140,22,61,40820,999,,,Census Tract 9601,3319
22061960200,140,22,61,40820,999,,,Census Tract 9602,3583
22061960300,140,22,61,40820,999,,,Census Tract 9603,5384
22061960400,140,22,61,40820,999,,,Census Tract 9604,3865
22061960500,140,22,61,40820,999,,,Census Tract 9605,4090
22061960600,140,22,61,40820,999,,,Census Tract 9606,4568
22061960700,140,22,61,40820,999,,,Census Tract 9607,4715
22061960800,140,22,61,40820,999,,,Census Tract 9608,3575
22061960900,140,22,61,40820,999,,,Census Tract 9609,2947
22061961000,140,22,61,40820,999,,,Census Tract 9610,6463
22063040100,140,22,63,12940,132,,,Census Tract 401,7732
22063040201,140,22,63,12940,132,,,Census Tract 402.01,4299
22063040202,140,22,63,12940,132,,,Census Tract 402.02,4017
22063040301,140,22,63,12940,132,,,Census Tract 403.01,7331
22063040303,140,22,63,12940,132,,,Census Tract 403.03,5328
22063040304,140,22,63,12940,132,,,Census Tract 403.04,2898
22063040401,140,22,63,12940,132,,,Census Tract 404.01,4979
22063040402,140,22,63,12940,132,,,Census Tract 404.02,5268
22063040500,140,22,63,12940,132,,,Census Tract 405,7954
22063040600,140,22,63,12940,132,,,Census Tract 406,7815
22063040700,140,22,63,12940,132,,,Census Tract 407,3695
22063040802,140,22,63,12940,132,,,Census Tract 408.02,4605
22063040804,140,22,63,12940,132,,,Census Tract 408.04,6563
22063040805,140,22,63,12940,132,,,Census Tract 408.05,4184
22063040806,140,22,63,12940,132,,,Census Tract 408.06,5512
22063040901,140,22,63,12940,132,,,Census Tract 409.01,5489
22063040902,140,22,63,12940,132,,,Census Tract 409.02,4140
22065960100,140,22,65,45260,999,,,Census Tract 9601,1982
22065960200,140,22,65,45260,999,,,Census Tract 9602,3686
22065960300,140,22,65,45260,999,,,Census Tract 9603,3341
22065960400,140,22,65,45260,999,,,Census Tract 9604,2365
22065960500,140,22,65,45260,999,,,Census Tract 9605,2353
22067950100,140,22,67,12820,384,,,Census Tract 9501,2298
22067950200,140,22,67,12820,384,,,Census Tract 9502,5771
22067950300,140,22,67,12820,384,,,Census Tract 9503,2572
22067950400,140,22,67,12820,384,,,Census Tract 9504,4145
22067950500,140,22,67,12820,384,,,Census Tract 9505,4481
22067950600,140,22,67,12820,384,,,Census Tract 9506,3323
22067950700,140,22,67,12820,384,,,Census Tract 9507,3574
22067950800,140,22,67,12820,384,,,Census Tract 9508,4856
22069000100,140,22,69,35060,999,,,Census Tract 1,2500
22069000200,140,22,69,35060,999,,,Census Tract 2,3490
22069000300,140,22,69,35060,999,,,Census Tract 3,4454
22069000400,140,22,69,35060,999,,,Census Tract 4,4392
22069000500,140,22,69,35060,999,,,Census Tract 5,4018
22069000600,140,22,69,35060,999,,,Census Tract 6,6988
22069000700,140,22,69,35060,999,,,Census Tract 7,4855
22069000800,140,22,69,35060,999,,,Census Tract 8,4302
22069000900,140,22,69,35060,999,,,Census Tract 9,4079
22071000100,140,22,71,35380,406,,,Census Tract 1,2381
22071000200,140,22,71,35380,406,,,Census Tract 2,1347
22071000300,140,22,71,35380,406,,,Census Tract 3,1468
22071000400,140,22,71,35380,406,,,Census Tract 4,2564
22071000601,140,22,71,35380,406,,,Census Tract 6.01,2034
22071000602,140,22,71,35380,406,,,Census Tract 6.02,2957
22071000603,140,22,71,35380,406,,,Census Tract 6.03,2342
22071000604,140,22,71,35380,406,,,Census Tract 6.04,5131
22071000605,140,22,71,35380,406,,,Census Tract 6.05,2902
22071000606,140,22,71,35380,406,,,Census Tract 6.06,4400
22071000607,140,22,71,35380,406,,,Census Tract 6.07,3746
22071000611,140,22,71,35380,406,,,Census Tract 6.11,4525
22071000612,140,22,71,35380,406,,,Census Tract 6.12,1147
22071000613,140,22,71,35380,406,,,Census Tract 6.13,4630
22071000615,140,22,71,35380,406,,,Census Tract 6.15,3524
22071000616,140,22,71,35380,406,,,Census Tract 6.16,4136
22071000617,140,22,71,35380,406,,,Census Tract 6.17,4013
22071000618,140,22,71,35380,406,,,Census Tract 6.18,3533
22071000701,140,22,71,35380,406,,,Census Tract 7.01,3278
22071000702,140,22,71,35380,406,,,Census Tract 7.02,2976
22071000800,140,22,71,35380,406,,,Census Tract 8,2531
22071000901,140,22,71,35380,406,,,Census Tract 9.01,2737
22071000902,140,22,71,35380,406,,,Census Tract 9.02,2943
22071000903,140,22,71,35380,406,,,Census Tract 9.03,2640
22071000904,140,22,71,35380,406,,,Census Tract 9.04,2410
22071001100,140,22,71,35380,406,,,Census Tract 11,2892
22071001200,140,22,71,35380,406,,,Census Tract 12,2204
22071001301,140,22,71,35380,406,,,Census Tract 13.01,3022
22071001302,140,22,71,35380,406,,,Census Tract 13.02,1969
22071001401,140,22,71,35380,406,,,Census Tract 14.01,3171
22071001402,140,22,71,35380,406,,,Census Tract 14.02,3202
22071001500,140,22,71,35380,406,,,Census Tract 15,2026
22071001600,140,22,71,35380,406,,,Census Tract 16,1604
22071001701,140,22,71,35380,406,,,Census Tract 17.01,2630
22071001702,140,22,71,35380,406,,,Census Tract 17.02,4387
22071001720,140,22,71,35380,406,,,Census Tract 17.20,5092
22071001722,140,22,71,35380,406,,,Census Tract 17.22,7005
22071001723,140,22,71,35380,406,,,Census Tract 17.23,5564
22071001724,140,22,71,35380,406,,,Census Tract 17.24,5642
22071001725,140,22,71,35380,406,,,Census Tract 17.25,7773
22071001730,140,22,71,35380,406,,,Census Tract 17.30,2213
22071001734,140,22,71,35380,406,,,Census Tract 17.34,1760
22071001735,140,22,71,35380,406,,,Census Tract 17.35,5338
22071001736,140,22,71,35380,406,,,Census Tract 17.36,4258
22071001737,140,22,71,35380,406,,,Census Tract 17.37,4099
22071001739,140,22,71,35380,406,,,Census Tract 17.39,3232
22071001740,140,22,71,35380,406,,,Census Tract 17.40,5291
22071001741,140,22,71,35380,406,,,Census Tract 17.41,1711
22071001743,140,22,71,35380,406,,,Census Tract 17.43,2777
22071001744,140,22,71,35380,406,,,Census Tract 17.44,5491
22071001745,140,22,71,35380,406,,,Census Tract 17.45,4375
22071001746,140,22,71,35380,406,,,Census Tract 17.46,5629
22071001747,140,22,71,35380,406,,,Census Tract 17.47,3970
22071001748,140,22,71,35380,406,,,Census Tract 17.48,4269
22071001749,140,22,71,35380,406,,,Census Tract 17.49,3890
22071001750,140,22,71,35380,406,,,Census Tract 17.50,5097
22071001751,140,22,71,35380,406,,,Census Tract 17.51,1873
22071001800,140,22,71,35380,406,,,Census Tract 18,1519
22071001900,140,22,71,35380,406,,,Census Tract 19,2524
22071002000,140,22,71,35380,406,,,Census Tract 20,2155
22071002100,140,22,71,35380,406,,,Census Tract 21,1522
22071002200,140,22,71,35380,406,,,Census Tract 22,2049
22071002300,140,22,71,35380,406,,,Census Tract 23,3725
22071002401,140,22,71,35380,406,,,Census Tract 24.01,2175
22071002402,140,22,71,35380,406,,,Census Tract 24.02,3707
22071002501,140,22,71,35380,406,,,Census Tract 25.01,2541
22071002502,140,22,71,35380,406,,,Census Tract 25.02,3099
22071002503,140,22,71,35380,406,,,Census Tract 25.03,2035
22071002504,140,22,71,35380,406,,,Census Tract 25.04,2625
22071002600,140,22,71,35380,406,,,Census Tract 26,1626
22071002700,140,22,71,35380,406,,,Census Tract 27,2510
22071002800,140,22,71,35380,406,,,Census Tract 28,2085
22071002900,140,22,71,35380,406,,,Census Tract 29,2309
22071003000,140,22,71,35380,406,,,Census Tract 30,1972
22071003100,140,22,71,35380,406,,,Census Tract 31,1936
22071003301,140,22,71,35380,406,,,Census Tract 33.01,2818
22071003302,140,22,71,35380,406,,,Census Tract 33.02,4165
22071003303,140,22,71,35380,406,,,Census Tract 33.03,2514
22071003304,140,22,71,35380,406,,,Census Tract 33.04,2804
22071003307,140,22,71,35380,406,,,Census Tract 33.07,1689
22071003308,140,22,71,35380,406,,,Census Tract 33.08,4782
22071003400,140,22,71,35380,406,,,Census Tract 34,2008
22071003500,140,22,71,35380,406,,,Census Tract 35,1861
22071003600,140,22,71,35380,406,,,Census Tract 36,2274
22071003701,140,22,71,35380,406,,,Census Tract 37.01,2151
22071003702,140,22,71,35380,406,,,Census Tract 37.02,4424
22071003800,140,22,71,35380,406,,,Census Tract 38,1726
22071003900,140,22,71,35380,406,,,Census Tract 39,1447
22071004000,140,22,71,35380,406,,,Census Tract 40,2582
22071004100,140,22,71,35380,406,,,Census Tract 41,1720
22071004401,140,22,71,35380,406,,,Census Tract 44.01,2320
22071004402,140,22,71,35380,406,,,Census Tract 44.02,0
22071004500,140,22,71,35380,406,,,Census Tract 45,3141
22071004600,140,22,71,35380,406,,,Census Tract 46,2808
22071004800,140,22,71,35380,406,,,Census Tract 48,2540
22071004900,140,22,71,35380,406,,,Census Tract 49,2968
22071005000,140,22,71,35380,406,,,Census Tract 50,1666
22071005400,140,22,71,35380,406,,,Census Tract 54,1636
22071005500,140,22,71,35380,406,,,Census Tract 55,2908
22071005601,140,22,71,35380,406,,,Census Tract 56.01,2926
22071005602,140,22,71,35380,406,,,Census Tract 56.02,3160
22071005603,140,22,71,35380,406,,,Census Tract 56.03,1843
22071005604,140,22,71,35380,406,,,Census Tract 56.04,1946
22071006000,140,22,71,35380,406,,,Census Tract 60,1266
22071006300,140,22,71,35380,406,,,Census Tract 63,2494
22071006400,140,22,71,35380,406,,,Census Tract 64,3193
22071006500,140,22,71,35380,406,,,Census Tract 65,3312
22071006900,140,22,71,35380,406,,,Census Tract 69,4339
22071007000,140,22,71,35380,406,,,Census Tract 70,2172
22071007101,140,22,71,35380,406,,,Census Tract 71.01,2790
22071007200,140,22,71,35380,406,,,Census Tract 72,2576
22071007501,140,22,71,35380,406,,,Census Tract 75.01,3100
22071007502,140,22,71,35380,406,,,Census Tract 75.02,3819
22071007604,140,22,71,35380,406,,,Census Tract 76.04,1962
22071007605,140,22,71,35380,406,,,Census Tract 76.05,1772
22071007606,140,22,71,35380,406,,,Census Tract 76.06,4724
22071007700,140,22,71,35380,406,,,Census Tract 77,1628
22071007800,140,22,71,35380,406,,,Census Tract 78,1186
22071008200,140,22,71,35380,406,,,Census Tract 82,1886
22071008300,140,22,71,35380,406,,,Census Tract 83,1416
22071008400,140,22,71,35380,406,,,Census Tract 84,1239
22071008500,140,22,71,35380,406,,,Census Tract 85,1778
22071008600,140,22,71,35380,406,,,Census Tract 86,1599
22071008800,140,22,71,35380,406,,,Census Tract 88,1967
22071009000,140,22,71,35380,406,,,Census Tract 90,1970
22071009100,140,22,71,35380,406,,,Census Tract 91,2569
22071009200,140,22,71,35380,406,,,Census Tract 92,1950
22071009400,140,22,71,35380,406,,,Census Tract 94,2190
22071009600,140,22,71,35380,406,,,Census Tract 96,1610
22071009700,140,22,71,35380,406,,,Census Tract 97,1610
22071009900,140,22,71,35380,406,,,Census Tract 99,3242
22071010000,140,22,71,35380,406,,,Census Tract 100,2355
22071010100,140,22,71,35380,406,,,Census Tract 101,2429
22071010200,140,22,71,35380,406,,,Census Tract 102,2696
22071010300,140,22,71,35380,406,,,Census Tract 103,3423
22071010600,140,22,71,35380,406,,,Census Tract 106,1574
22071010700,140,22,71,35380,406,,,Census Tract 107,1849
22071010800,140,22,71,35380,406,,,Census Tract 108,1449
22071010900,140,22,71,35380,406,,,Census Tract 109,3383
22071011100,140,22,71,35380,406,,,Census Tract 111,2446
22071011200,140,22,71,35380,406,,,Census Tract 112,1534
22071011400,140,22,71,35380,406,,,Census Tract 114,1842
22071011500,140,22,71,35380,406,,,Census Tract 115,1692
22071011600,140,22,71,35380,406,,,Census Tract 116,1529
22071011700,140,22,71,35380,406,,,Census Tract 117,3019
22071011900,140,22,71,35380,406,,,Census Tract 119,1764
22071012000,140,22,71,35380,406,,,Census Tract 120,1351
22071012101,140,22,71,35380,406,,,Census Tract 121.01,2233
22071012102,140,22,71,35380,406,,,Census Tract 121.02,3310
22071012200,140,22,71,35380,406,,,Census Tract 122,2191
22071012300,140,22,71,35380,406,,,Census Tract 123,2275
22071012400,140,22,71,35380,406,,,Census Tract 124,1873
22071012500,140,22,71,35380,406,,,Census Tract 125,1772
22071012600,140,22,71,35380,406,,,Census Tract 126,1929
22071012700,140,22,71,35380,406,,,Census Tract 127,2509
22071012800,140,22,71,35380,406,,,Census Tract 128,2676
22071012900,140,22,71,35380,406,,,Census Tract 129,1572
22071013000,140,22,71,35380,406,,,Census Tract 130,1993
22071013100,140,22,71,35380,406,,,Census Tract 131,2156
22071013200,140,22,71,35380,406,,,Census Tract 132,3232
22071013301,140,22,71,35380,406,,,Census Tract 133.01,3615
22071013302,140,22,71,35380,406,,,Census Tract 133.02,2162
22071013400,140,22,71,35380,406,,,Census Tract 134,1794
22071013500,140,22,71,35380,406,,,Census Tract 135,2450
22071013600,140,22,71,35380,406,,,Census Tract 136,1502
22071013700,140,22,71,35380,406,,,Census Tract 137,4399
22071013800,140,22,71,35380,406,,,Census Tract 138,6427
22071013900,140,22,71,35380,406,,,Census Tract 139,1490
22071014000,140,22,71,35380,406,,,Census Tract 140,2808
22071014100,140,22,71,35380,406,,,Census Tract 141,2957
22071014200,140,22,71,35380,406,,,Census Tract 142,2303
22071014300,140,22,71,35380,406,,,Census Tract 143,3449
22071014400,140,22,71,35380,406,,,Census Tract 144,1816
22071014500,140,22,71,35380,406,,,Census Tract 145,4817
22071980000,140,22,71,35380,406,,,Census Tract 9800,4
22071980100,140,22,71,35380,406,,,Census Tract 9801,9
22071990000,140,22,71,35380,406,,,Census Tract 9900,0
22073000100,140,22,73,33740,384,,,Census Tract 1,5109
22073000200,140,22,73,33740,384,,,Census Tract 2,5509
22073000401,140,22,73,33740,384,,,Census Tract 4.01,2791
22073000402,140,22,73,33740,384,,,Census Tract 4.02,3099
22073000500,140,22,73,33740,384,,,Census Tract 5,3204
22073000600,140,22,73,33740,384,,,Census Tract 6,4455
22073000700,140,22,73,33740,384,,,Census Tract 7,2144
22073000900,140,22,73,33740,384,,,Census Tract 9,1655
22073001100,140,22,73,33740,384,,,Census Tract 11,3421
22073001400,140,22,73,33740,384,,,Census Tract 14,2755
22073001500,140,22,73,33740,384,,,Census Tract 15,2219
22073001700,140,22,73,33740,384,,,Census Tract 17,2937
22073005100,140,22,73,33740,384,,,Census Tract 51,1874
22073005201,140,22,73,33740,384,,,Census Tract 52.01,3551
22073005203,140,22,73,33740,384,,,Census Tract 52.03,2890
22073005204,140,22,73,33740,384,,,Census Tract 52.04,5220
22073005301,140,22,73,33740,384,,,Census Tract 53.01,5765
22073005302,140,22,73,33740,384,,,Census Tract 53.02,4934
22073005400,140,22,73,33740,384,,,Census Tract 54,2004
22073005500,140,22,73,33740,384,,,Census Tract 55,3499
22073005800,140,22,73,33740,384,,,Census Tract 58,2803
22073005900,140,22,73,33740,384,,,Census Tract 59,2893
22073010101,140,22,73,33740,384,,,Census Tract 101.01,4279
22073010102,140,22,73,33740,384,,,Census Tract 101.02,5370
22073010201,140,22,73,33740,384,,,Census Tract 102.01,5181
22073010202,140,22,73,33740,384,,,Census Tract 102.02,4387
22073010301,140,22,73,33740,384,,,Census Tract 103.01,3334
22073010302,140,22,73,33740,384,,,Census Tract 103.02,3063
22073010400,140,22,73,33740,384,,,Census Tract 104,6926
22073010502,140,22,73,33740,384,,,Census Tract 105.02,3923
22073010503,140,22,73,33740,384,,,Census Tract 105.03,1543
22073010504,140,22,73,33740,384,,,Census Tract 105.04,7500
22073010603,140,22,73,33740,384,,,Census Tract 106.03,5876
22073010604,140,22,73,33740,384,,,Census Tract 106.04,2307
22073010700,140,22,73,33740,384,,,Census Tract 107,2923
22073010800,140,22,73,33740,384,,,Census Tract 108,2188
22073010900,140,22,73,33740,384,,,Census Tract 109,5318
22073011000,140,22,73,33740,384,,,Census Tract 110,4847
22073011100,140,22,73,33740,384,,,Census Tract 111,3542
22073980000,140,22,73,33740,384,,,Census Tract 9800,3
22075050100,140,22,75,35380,406,,,Census Tract 501,3025
22075050200,140,22,75,35380,406,,,Census Tract 502,6970
22075050300,140,22,75,35380,406,,,Census Tract 503,2878
22075050400,140,22,75,35380,406,,,Census Tract 504,3428
22075050500,140,22,75,35380,406,,,Census Tract 505,2605
22075050600,140,22,75,35380,406,,,Census Tract 506,2215
22075050700,140,22,75,35380,406,,,Census Tract 507,3358
22075050800,140,22,75,35380,406,,,Census Tract 508,2278
22075990000,140,22,75,35380,406,,,Census Tract 9900,0
22077951900,140,22,77,12940,132,,,Census Tract 9519,6061
22077952000,140,22,77,12940,132,,,Census Tract 9520,2620
22077952100,140,22,77,12940,132,,,Census Tract 9521,4705
22077952200,140,22,77,12940,132,,,Census Tract 9522,3396
22077952300,140,22,77,12940,132,,,Census Tract 9523,1583
22077952400,140,22,77,12940,132,,,Census Tract 9524,4398
22079010100,140,22,79,10780,999,,,Census Tract 101,7342
22079010300,140,22,79,10780,999,,,Census Tract 103,4943
22079010400,140,22,79,10780,999,,,Census Tract 104,2696
22079010500,140,22,79,10780,999,,,Census Tract 105,6895
22079010600,140,22,79,10780,999,,,Census Tract 106,4665
22079010700,140,22,79,10780,999,,,Census Tract 107,3537
22079011000,140,22,79,10780,999,,,Census Tract 110,3255
22079011300,140,22,79,10780,999,,,Census Tract 113,2435
22079011500,140,22,79,10780,999,,,Census Tract 115,6979
22079011600,140,22,79,10780,999,,,Census Tract 116,2311
22079011700,140,22,79,10780,999,,,Census Tract 117,3324
22079012000,140,22,79,10780,999,,,Census Tract 120,2439
22079012100,140,22,79,10780,999,,,Census Tract 121,3235
22079012200,140,22,79,10780,999,,,Census Tract 122,3798
22079012301,140,22,79,10780,999,,,Census Tract 123.01,4931
22079012302,140,22,79,10780,999,,,Census Tract 123.02,3385
22079012400,140,22,79,10780,999,,,Census Tract 124,3443
22079012500,140,22,79,10780,999,,,Census Tract 125,6180
22079012600,140,22,79,10780,999,,,Census Tract 126,2471
22079012700,140,22,79,10780,999,,,Census Tract 127,2572
22079012800,140,22,79,10780,999,,,Census Tract 128,1307
22079012900,140,22,79,10780,999,,,Census Tract 129,2577
22079013000,140,22,79,10780,999,,,Census Tract 130,2594
22079013100,140,22,79,10780,999,,,Census Tract 131,2964
22079013200,140,22,79,10780,999,,,Census Tract 132,7090
22079013300,140,22,79,10780,999,,,Census Tract 133,5547
22079013400,140,22,79,10780,999,,,Census Tract 134,2680
22079013500,140,22,79,10780,999,,,Census Tract 135,5787
22079013600,140,22,79,10780,999,,,Census Tract 136,2833
22079013700,140,22,79,10780,999,,,Census Tract 137,4123
22079013800,140,22,79,10780,999,,,Census Tract 138,4408
22079013900,140,22,79,10780,999,,,Census Tract 139,3583
22079980000,140,22,79,10780,999,,,Census Tract 9800,6
22081960100,140,22,81,99999,999,,,Census Tract 9601,4986
22081960300,140,22,81,99999,999,,,Census Tract 9603,4636
22083970100,140,22,83,99999,999,,,Census Tract 9701,3351
22083970200,140,22,83,99999,999,,,Census Tract 9702,2203
22083970300,140,22,83,99999,999,,,Census Tract 9703,2952
22083970400,140,22,83,99999,999,,,Census Tract 9704,3087
22083970500,140,22,83,99999,999,,,Census Tract 9705,5381
22083970600,140,22,83,99999,999,,,Census Tract 9706,4007
22085000100,140,22,85,99999,999,,,Census Tract 1,3160
22085000200,140,22,85,99999,999,,,Census Tract 2,3480
22085000300,140,22,85,99999,999,,,Census Tract 3,2183
22085000400,140,22,85,99999,999,,,Census Tract 4,4464
22085000500,140,22,85,99999,999,,,Census Tract 5,3535
22085000600,140,22,85,99999,999,,,Census Tract 6,3899
22085000700,140,22,85,99999,999,,,Census Tract 7,2736
22087030103,140,22,87,35380,406,,,Census Tract 301.03,6821
22087030104,140,22,87,35380,406,,,Census Tract 301.04,2577
22087030105,140,22,87,35380,406,,,Census Tract 301.05,1342
22087030203,140,22,87,35380,406,,,Census Tract 302.03,4278
22087030204,140,22,87,35380,406,,,Census Tract 302.04,6592
22087030206,140,22,87,35380,406,,,Census Tract 302.06,4327
22087030207,140,22,87,35380,406,,,Census Tract 302.07,5597
22087030208,140,22,87,35380,406,,,Census Tract 302.08,4892
22087030209,140,22,87,35380,406,,,Census Tract 302.09,4843
22087030300,140,22,87,35380,406,,,Census Tract 303,2258
22087030400,140,22,87,35380,406,,,Census Tract 304,2707
22087030500,140,22,87,35380,406,,,Census Tract 305,3385
22087030601,140,22,87,35380,406,,,Census Tract 306.01,2743
22087030602,140,22,87,35380,406,,,Census Tract 306.02,4112
22087030603,140,22,87,35380,406,,,Census Tract 306.03,3416
22087030700,140,22,87,35380,406,,,Census Tract 307,2165
22087030800,140,22,87,35380,406,,,Census Tract 308,5173
22087990000,140,22,87,35380,406,,,Census Tract 9900,0
22089060100,140,22,89,35380,406,,,Census Tract 601,1121
22089062100,140,22,89,35380,406,,,Census Tract 621,4757
22089062200,140,22,89,35380,406,,,Census Tract 622,2300
22089062301,140,22,89,35380,406,,,Census Tract 623.01,5738
22089062302,140,22,89,35380,406,,,Census Tract 623.02,5099
22089062400,140,22,89,35380,406,,,Census Tract 624,1650
22089062500,140,22,89,35380,406,,,Census Tract 625,3415
22089062700,140,22,89,35380,406,,,Census Tract 627,3601
22089062800,140,22,89,35380,406,,,Census Tract 628,4086
22089062900,140,22,89,35380,406,,,Census Tract 629,2725
22089063000,140,22,89,35380,406,,,Census Tract 630,1285
22089063100,140,22,89,35380,406,,,Census Tract 631,6929
22089063200,140,22,89,35380,406,,,Census Tract 632,5364
22091951100,140,22,91,12940,132,,,Census Tract 9511,4188
22091951200,140,22,91,12940,132,,,Census Tract 9512,6337
22093040100,140,22,93,99999,999,,,Census Tract 401,3206
22093040200,140,22,93,99999,999,,,Census Tract 402,3748
22093040300,140,22,93,99999,999,,,Census Tract 403,2788
22093040400,140,22,93,99999,999,,,Census Tract 404,2691
22093040500,140,22,93,99999,999,,,Census Tract 405,2410
22093040600,140,22,93,99999,999,,,Census Tract 406,2829
22093040700,140,22,93,99999,999,,,Census Tract 407,3543
22095070100,140,22,95,35380,406,,,Census Tract 701,2289
22095070200,140,22,95,35380,406,,,Census Tract 702,5625
22095070300,140,22,95,35380,406,,,Census Tract 703,6280
22095070400,140,22,95,35380,406,,,Census Tract 704,4271
22095070500,140,22,95,35380,406,,,Census Tract 705,5461
22095070600,140,22,95,35380,406,,,Census Tract 706,2772
22095070700,140,22,95,35380,406,,,Census Tract 707,4192
22095070800,140,22,95,35380,406,,,Census Tract 708,2707
22095070900,140,22,95,35380,406,,,Census Tract 709,2595
22095071000,140,22,95,35380,406,,,Census Tract 710,4498
22095071100,140,22,95,35380,406,,,Census Tract 711,3474
22097960100,140,22,97,36660,318,,,Census Tract 9601,2934
22097960200,140,22,97,36660,318,,,Census Tract 9602,4100
22097960300,140,22,97,36660,318,,,Census Tract 9603,4348
22097960400,140,22,97,36660,318,,,Census Tract 9604,2368
22097960500,140,22,97,36660,318,,,Census Tract 9605,5286
22097960600,140,22,97,36660,318,,,Census Tract 9606,6527
22097960700,140,22,97,36660,318,,,Census Tract 9607,5426
22097960800,140,22,97,36660,318,,,Census Tract 9608,3971
22097960900,140,22,97,36660,318,,,Census Tract 9609,5000
22097961000,140,22,97,36660,318,,,Census Tract 9610,2138
22097961100,140,22,97,36660,318,,,Census Tract 9611,3565
22097961200,140,22,97,36660,318,,,Census Tract 9612,3905
22097961300,140,22,97,36660,318,,,Census Tract 9613,5995
22097961400,140,22,97,36660,318,,,Census Tract 9614,6266
22097961500,140,22,97,36660,318,,,Census Tract 9615,5937
22097961600,140,22,97,36660,318,,,Census Tract 9616,5437
22097961700,140,22,97,36660,318,,,Census Tract 9617,6234
22097961800,140,22,97,36660,318,,,Census Tract 9618,5124
22097961900,140,22,97,36660,318,,,Census Tract 9619,3139
22099020100,140,22,99,29180,318,,,Census Tract 201,4953
22099020200,140,22,99,29180,318,,,Census Tract 202,6136
22099020301,140,22,99,29180,318,,,Census Tract 203.01,3357
22099020302,140,22,99,29180,318,,,Census Tract 203.02,6149
22099020400,140,22,99,29180,318,,,Census Tract 204,5628
22099020501,140,22,99,29180,318,,,Census Tract 205.01,5728
22099020502,140,22,99,29180,318,,,Census Tract 205.02,3263
22099020600,140,22,99,29180,318,,,Census Tract 206,6569
22099020800,140,22,99,29180,318,,,Census Tract 208,3198
22099020900,140,22,99,29180,318,,,Census Tract 209,2025
22099021000,140,22,99,29180,318,,,Census Tract 210,1572
22101040100,140,22,101,34020,999,,,Census Tract 401,3019
22101040200,140,22,101,34020,999,,,Census Tract 402,5122
22101040300,140,22,101,34020,999,,,Census Tract 403,3202
22101040400,140,22,101,34020,999,,,Census Tract 404,4200
22101040500,140,22,101,34020,999,,,Census Tract 405,4418
22101040600,140,22,101,34020,999,,,Census Tract 406,4442
22101040700,140,22,101,34020,999,,,Census Tract 407,3736
22101040800,140,22,101,34020,999,,,Census Tract 408,3254
22101040900,140,22,101,34020,999,,,Census Tract 409,3015
22101041000,140,22,101,34020,999,,,Census Tract 410,4253
22101041100,140,22,101,34020,999,,,Census Tract 411,1877
22101041200,140,22,101,34020,999,,,Census Tract 412,2486
22101041300,140,22,101,34020,999,,,Census Tract 413,2157
22101041400,140,22,101,34020,999,,,Census Tract 414,4067
22101041500,140,22,101,34020,999,,,Census Tract 415,1911
22101041600,140,22,101,34020,999,,,Census Tract 416,2341
22101990000,140,22,101,34020,999,,,Census Tract 9900,0
22103040102,140,22,103,35380,406,,,Census Tract 401.02,7472
22103040103,140,22,103,35380,406,,,Census Tract 401.03,3606
22103040104,140,22,103,35380,406,,,Census Tract 401.04,5099
22103040201,140,22,103,35380,406,,,Census Tract 402.01,4996
22103040202,140,22,103,35380,406,,,Census Tract 402.02,5757
22103040303,140,22,103,35380,406,,,Census Tract 403.03,6922
22103040304,140,22,103,35380,406,,,Census Tract 403.04,6529
22103040305,140,22,103,35380,406,,,Census Tract 403.05,4633
22103040400,140,22,103,35380,406,,,Census Tract 404,4002
22103040501,140,22,103,35380,406,,,Census Tract 405.01,3587
22103040502,140,22,103,35380,406,,,Census Tract 405.02,3011
22103040601,140,22,103,35380,406,,,Census Tract 406.01,1930
22103040602,140,22,103,35380,406,,,Census Tract 406.02,2719
22103040604,140,22,103,35380,406,,,Census Tract 406.04,5407
22103040605,140,22,103,35380,406,,,Census Tract 406.05,4138
22103040701,140,22,103,35380,406,,,Census Tract 407.01,5740
22103040704,140,22,103,35380,406,,,Census Tract 407.04,5440
22103040705,140,22,103,35380,406,,,Census Tract 407.05,4628
22103040706,140,22,103,35380,406,,,Census Tract 407.06,4747
22103040708,140,22,103,35380,406,,,Census Tract 407.08,4982
22103040709,140,22,103,35380,406,,,Census Tract 407.09,3741
22103040710,140,22,103,35380,406,,,Census Tract 407.10,5143
22103040801,140,22,103,35380,406,,,Census Tract 408.01,3550
22103040802,140,22,103,35380,406,,,Census Tract 408.02,5728
22103040803,140,22,103,35380,406,,,Census Tract 408.03,7348
22103040900,140,22,103,35380,406,,,Census Tract 409,3048
22103041002,140,22,103,35380,406,,,Census Tract 410.02,2920
22103041003,140,22,103,35380,406,,,Census Tract 410.03,5282
22103041004,140,22,103,35380,406,,,Census Tract 410.04,4899
22103041101,140,22,103,35380,406,,,Census Tract 411.01,3460
22103041102,140,22,103,35380,406,,,Census Tract 411.02,7145
22103041103,140,22,103,35380,406,,,Census Tract 411.03,3189
22103041104,140,22,103,35380,406,,,Census Tract 411.04,3428
22103041202,140,22,103,35380,406,,,Census Tract 412.02,2822
22103041204,140,22,103,35380,406,,,Census Tract 412.04,7073
22103041207,140,22,103,35380,406,,,Census Tract 412.07,3566
22103041208,140,22,103,35380,406,,,Census Tract 412.08,3929
22103041209,140,22,103,35380,406,,,Census Tract 412.09,4310
22103041210,140,22,103,35380,406,,,Census Tract 412.10,1709
22103041211,140,22,103,35380,406,,,Census Tract 412.11,4379
22103041212,140,22,103,35380,406,,,Census Tract 412.12,2745
22103041300,140,22,103,35380,406,,,Census Tract 413,6504
22103990000,140,22,103,35380,406,,,Census Tract 9900,0
22105953200,140,22,105,25220,999,,,Census Tract 9532,2616
22105953300,140,22,105,25220,999,,,Census Tract 9533,4278
22105953400,140,22,105,25220,999,,,Census Tract 9534,5857
22105953500,140,22,105,25220,999,,,Census Tract 9535,5945
22105953600,140,22,105,25220,999,,,Census Tract 9536,5462
22105953700,140,22,105,25220,999,,,Census Tract 9537,7983
22105953800,140,22,105,25220,999,,,Census Tract 9538,4671
22105953900,140,22,105,25220,999,,,Census Tract 9539,6431
22105954001,140,22,105,25220,999,,,Census Tract 9540.01,3343
22105954002,140,22,105,25220,999,,,Census Tract 9540.02,4354
22105954101,140,22,105,25220,999,,,Census Tract 9541.01,5013
22105954102,140,22,105,25220,999,,,Census Tract 9541.02,7917
22105954200,140,22,105,25220,999,,,Census Tract 9542,4391
22105954300,140,22,105,25220,999,,,Census Tract 9543,3834
22105954400,140,22,105,25220,999,,,Census Tract 9544,3729
22105954501,140,22,105,25220,999,,,Census Tract 9545.01,4038
22105954502,140,22,105,25220,999,,,Census Tract 9545.02,5150
22105954600,140,22,105,25220,999,,,Census Tract 9546,7523
22105954700,140,22,105,25220,999,,,Census Tract 9547,3694
22105954800,140,22,105,25220,999,,,Census Tract 9548,4357
22107000100,140,22,107,99999,999,,,Census Tract 1,2614
22107000200,140,22,107,99999,999,,,Census Tract 2,1417
22107000300,140,22,107,99999,999,,,Census Tract 3,2587
22109000101,140,22,109,26380,999,,,Census Tract 1.01,5590
22109000102,140,22,109,26380,999,,,Census Tract 1.02,3881
22109000201,140,22,109,26380,999,,,Census Tract 2.01,3129
22109000202,140,22,109,26380,999,,,Census Tract 2.02,5841
22109000300,140,22,109,26380,999,,,Census Tract 3,4011
22109000401,140,22,109,26380,999,,,Census Tract 4.01,4830
22109000402,140,22,109,26380,999,,,Census Tract 4.02,3530
22109000500,140,22,109,26380,999,,,Census Tract 5,5863
22109000600,140,22,109,26380,999,,,Census Tract 6,6834
22109000700,140,22,109,26380,999,,,Census Tract 7,6632
22109000800,140,22,109,26380,999,,,Census Tract 8,6769
22109000900,140,22,109,26380,999,,,Census Tract 9,4935
22109001000,140,22,109,26380,999,,,Census Tract 10,5370
22109001100,140,22,109,26380,999,,,Census Tract 11,3957
22109001201,140,22,109,26380,999,,,Census Tract 12.01,3084
22109001202,140,22,109,26380,999,,,Census Tract 12.02,4674
22109001300,140,22,109,26380,999,,,Census Tract 13,7052
22109001400,140,22,109,26380,999,,,Census Tract 14,3788
22109001500,140,22,109,26380,999,,,Census Tract 15,5723
22109001600,140,22,109,26380,999,,,Census Tract 16,2916
22109001700,140,22,109,26380,999,,,Census Tract 17,6089
22109990000,140,22,109,26380,999,,,Census Tract 9900,0
22111960100,140,22,111,33740,384,,,Census Tract 9601,4027
22111960200,140,22,111,33740,384,,,Census Tract 9602,4167
22111960300,140,22,111,33740,384,,,Census Tract 9603,2874
22111960400,140,22,111,33740,384,,,Census Tract 9604,3900
22111960500,140,22,111,33740,384,,,Census Tract 9605,4495
22111960600,140,22,111,33740,384,,,Census Tract 9606,3339
22113950100,140,22,113,10020,318,,,Census Tract 9501,10660
22113950200,140,22,113,10020,318,,,Census Tract 9502,5162
22113950400,140,22,113,10020,318,,,Census Tract 9504,5890
22113950500,140,22,113,10020,318,,,Census Tract 9505,5283
22113950600,140,22,113,10020,318,,,Census Tract 9506,2962
22113950700,140,22,113,10020,318,,,Census Tract 9507,4117
22113950800,140,22,113,10020,318,,,Census Tract 9508,5690
22113950901,140,22,113,10020,318,,,Census Tract 9509.01,2306
22113950902,140,22,113,10020,318,,,Census Tract 9509.02,18349
22113951001,140,22,113,10020,318,,,Census Tract 9510.01,4435
22113951002,140,22,113,10020,318,,,Census Tract 9510.02,3771
22113951100,140,22,113,10020,318,,,Census Tract 9511,2012
22113990000,140,22,113,10020,318,,,Census Tract 9900,0
22115950100,140,22,115,22860,256,,,Census Tract 9501,5246
22115950200,140,22,115,22860,256,,,Census Tract 9502,4892
22115950300,140,22,115,22860,256,,,Census Tract 9503,4031
22115950400,140,22,115,22860,256,,,Census Tract 9504,3691
22115950500,140,22,115,22860,256,,,Census Tract 9505,5993
22115950600,140,22,115,22860,256,,,Census Tract 9506,4090
22115950701,140,22,115,22860,256,,,Census Tract 9507.01,2366
22115950702,140,22,115,22860,256,,,Census Tract 9507.02,4302
22115950703,140,22,115,22860,256,,,Census Tract 9507.03,3490
22115950704,140,22,115,22860,256,,,Census Tract 9507.04,4352
22115950800,140,22,115,22860,256,,,Census Tract 9508,4281
22115950900,140,22,115,22860,256,,,Census Tract 9509,5793
22117950101,140,22,117,14220,406,,,Census Tract 9501.01,4051
22117950102,140,22,117,14220,406,,,Census Tract 9501.02,4088
22117950200,140,22,117,14220,406,,,Census Tract 9502,5046
22117950300,140,22,117,14220,406,,,Census Tract 9503,4122
22117950400,140,22,117,14220,406,,,Census Tract 9504,3156
22117950500,140,22,117,14220,406,,,Census Tract 9505,3960
22117950600,140,22,117,14220,406,,,Census Tract 9506,4454
22117950700,140,22,117,14220,406,,,Census Tract 9507,5404
22117950800,140,22,117,14220,406,,,Census Tract 9508,4667
22117950900,140,22,117,14220,406,,,Census Tract 9509,1386
22117951000,140,22,117,14220,406,,,Census Tract 9510,3590
22119031100,140,22,119,33380,508,,,Census Tract 311,2013
22119031200,140,22,119,33380,508,,,Census Tract 312,3001
22119031300,140,22,119,33380,508,,,Census Tract 313,5260
22119031400,140,22,119,33380,508,,,Census Tract 314,3540
22119031500,140,22,119,33380,508,,,Census Tract 315,5549
22119031600,140,22,119,33380,508,,,Census Tract 316,2404
22119031700,140,22,119,33380,508,,,Census Tract 317,3487
22119031800,140,22,119,33380,508,,,Census Tract 318,2822
22119031900,140,22,119,33380,508,,,Census Tract 319,3378
22119032000,140,22,119,33380,508,,,Census Tract 320,3186
22119032100,140,22,119,33380,508,,,Census Tract 321,7190
22121020100,140,22,121,12940,132,,,Census Tract 201,4684
22121020200,140,22,121,12940,132,,,Census Tract 202,3078
22121020300,140,22,121,12940,132,,,Census Tract 203,5377
22121020401,140,22,121,12940,132,,,Census Tract 204.01,3989
22121020402,140,22,121,12940,132,,,Census Tract 204.02,4472
22123000100,140,22,123,99999,999,,,Census Tract 1,5043
22123000200,140,22,123,99999,999,,,Census Tract 2,4030
22123000300,140,22,123,99999,999,,,Census Tract 3,3241
22125951701,140,22,125,12940,132,,,Census Tract 9517.01,3152
22125951702,140,22,125,12940,132,,,Census Tract 9517.02,5496
22125951800,140,22,125,12940,132,,,Census Tract 9518,6463
22127960100,140,22,127,99999,999,,,Census Tract 9601,4155
22127960200,140,22,127,99999,999,,,Census Tract 9602,6523
22127960300,140,22,127,99999,999,,,Census Tract 9603,3449
22127960400,140,22,127,99999,999,,,Census Tract 9604,2767
